<?xml version="1.0" encoding="UTF-8"?>
<screenplay>
  <act id="1" dir="level1">
    <scene id="1" type="video">
      <video>
        <part audio="audio_1.mp3">
          <picture file="castle_1.jpg" duration="5" texstyle="widescreen">
            <effect type="scale" center="-0.4, 0" startScale="1, 1" endScale="4, 4" scaling="quadratic"/>
          </picture>
          <picture file="castle_2.jpg" duration="3" texstyle="widescreen">
            <effect type="scale" center="-0.04, 0" startScale="1, 1" endScale="1.5, 1.5" scaling="linear"/>
          </picture>
          <picture file="castle_3.jpg" duration="4" texstyle="widescreen">
            <effect type="scale" center="0, 0" startScale="1, 1" endScale="2, 2" scaling="quadratic"/>
          </picture>
          <picture file="castle_4.jpg" duration="6" texstyle="widescreen">
            <effect type="scale" center="0, 0" startScale="1, 1" endScale="1.1, 1.1"/>
          </picture>
        </part>
        <part audio="audio_1.mp3">
          <picture file="castle_5.jpg" duration="10">

          </picture>
        </part>
      </video>
    </scene>
    <scene id="2" type="instructions">
      <instructions file="instructions.txt"/>
    </scene>
    <scene id="3" type="level">
      <level file="scene3.xml" />
    </scene>
  </act>
  <act id="2" dir="level2">
    <scene id="1" type="instructions">
      <instructions file="instructions.txt"/>
    </scene>
    <scene id="2" type="level">
      <level file="scene2.xml" />
    </scene>
    <scene id="3" type="level">
      <level file="scene3.xml" />
    </scene>
  </act>
  <act id="3" dir="level3">
    <scene id="1" type="instructions">
      <instructions file="instructions.txt"/>
    </scene>
    <scene id="2" type="level">
      <level file="scene2.xml" />
    </scene>
  </act>
  <act id="4" dir="level4">
    <scene id="1" type="instructions">
      <instructions file="instructions.txt"/>
    </scene>
    <scene id="2" type="level">
      <level file="scene2.xml" />
    </scene>
  </act>
  <act id="5" dir="level5">
    <scene id="1" type="instructions">
      <instructions file="instructions.txt"/>
    </scene>
    <scene id="2" type="level">
      <level file="scene2.xml" />
    </scene>
    <scene id="3" type="level">
      <level file="scene3.xml" />
    </scene>
  </act>
  <act id="6" dir="level6">
    <scene id="1" type="instructions">
      <instructions file="instructions.txt"/>
    </scene>
    <scene id="2" type="level">
      <level file="scene2.xml" />
    </scene>
  </act>
</screenplay>
